onset	duration	event
0	0.0078125	start
369.03125	0.0078125	end
