onset	duration	event
0	0.0078125	start
184.7734375	0.0078125	end
