onset	duration	event
0	0.0078125	start
388.7578125	0.0078125	end
