onset	duration	event
0	0.0078125	start
150.1640625	0.0078125	end
