onset	duration	event
0	0.0078125	start
142.9296875	0.0078125	end
